"","BIOCHEMICAL","SUPER.PATHWAY","SUB.PATHWAY"
"1","(12 or 13)-methylmyristate (a15:0 or i15:0)","Lipid","Fatty Acid, Branched"
"2","(14 or 15)-methylpalmitate (a17:0 or i17:0)","Lipid","Fatty Acid, Branched"
"3","(16 or 17)-methylstearate (a19:0 or i19:0)","Lipid","Fatty Acid, Branched"
"4","(2 or 3)-decenoate (10:1n7 or n8)","Lipid","Medium Chain Fatty Acid"
"5","(2,4 or 2,5)-dimethylphenol sulfate","Xenobiotics","Food Component/Plant"
"6","(2-butoxyethoxy)acetic acid","Xenobiotics","Chemical"
"7","(N(1) + N(8))-acetylspermidine","Amino Acid","Polyamine Metabolism"
"8","(R)-3-hydroxybutyrylcarnitine","Lipid","Fatty Acid Metabolism (Acyl Carnitine, Hydroxy)"
"9","(S)-3-hydroxybutyrylcarnitine","Lipid","Fatty Acid Metabolism (Acyl Carnitine, Hydroxy)"
"10","(S)-a-amino-omega-caprolactam","Xenobiotics","Food Component/Plant"
"11","1,2,3-benzenetriol sulfate (2)","Xenobiotics","Chemical"
"12","1,3,7-trimethylurate","Xenobiotics","Xanthine Metabolism"
"13","1,3-dimethylurate","Xenobiotics","Xanthine Metabolism"
"14","1,5-anhydroglucitol (1,5-AG)","Carbohydrate","Glycolysis, Gluconeogenesis, and Pyruvate Metabolism"
"15","1,7-dimethylurate","Xenobiotics","Xanthine Metabolism"
"16","1-carboxyethylisoleucine","Amino Acid","Leucine, Isoleucine and Valine Metabolism"
"17","1-carboxyethylleucine","Amino Acid","Leucine, Isoleucine and Valine Metabolism"
"18","1-carboxyethylphenylalanine","Amino Acid","Phenylalanine Metabolism"
"19","1-carboxyethyltyrosine","Amino Acid","Tyrosine Metabolism"
"20","1-carboxyethylvaline","Amino Acid","Leucine, Isoleucine and Valine Metabolism"
"21","1-linoleoyl-GPA (18:2)*","Lipid","Lysophospholipid"
"22","1-linoleoyl-GPG (18:2)*","Lipid","Lysophospholipid"
"23","1-methyl-4-imidazoleacetate","Amino Acid","Histidine Metabolism"
"24","1-methyl-5-imidazoleacetate","Amino Acid","Histidine Metabolism"
"25","1-methylhistidine","Amino Acid","Histidine Metabolism"
"26","1-methylnicotinamide","Cofactors and Vitamins","Nicotinate and Nicotinamide Metabolism"
"27","1-methylurate","Xenobiotics","Xanthine Metabolism"
"28","1-methylxanthine","Xenobiotics","Xanthine Metabolism"
"29","1-oleoyl-GPG (18:1)*","Lipid","Lysophospholipid"
"30","1-palmitoyl-GPG (16:0)*","Lipid","Lysophospholipid"
"31","1-ribosyl-imidazoleacetate*","Amino Acid","Histidine Metabolism"
"32","1-stearoyl-2-arachidonoyl-GPS (18:0/20:4)","Lipid","Phosphatidylserine (PS)"
"33","1-stearoyl-2-docosahexaenoyl-GPS (18:0/22:6)*","Lipid","Phosphatidylserine (PS)"
"34","1-stearoyl-GPG (18:0)","Lipid","Lysophospholipid"
"35","10-heptadecenoate (17:1n7)","Lipid","Long Chain Monounsaturated Fatty Acid"
"36","10-hydroxywarfarin","Xenobiotics","Drug - Cardiovascular"
"37","10-nonadecenoate (19:1n9)","Lipid","Long Chain Monounsaturated Fatty Acid"
"38","10-undecenoate (11:1n1)","Lipid","Medium Chain Fatty Acid"
"39","11-ketoetiocholanolone glucuronide","Lipid","Androgenic Steroids"
"40","11beta-hydroxyandrosterone glucuronide","Lipid","Androgenic Steroids"
"41","12,13-DiHOME","Lipid","Fatty Acid, Dihydroxy"
"42","13-HODE + 9-HODE","Lipid","Fatty Acid, Monohydroxy"
"43","16-hydroxypalmitate","Lipid","Fatty Acid, Monohydroxy"
"44","16a-hydroxy DHEA 3-sulfate","Lipid","Androgenic Steroids"
"45","17alpha-hydroxypregnanolone glucuronide","Lipid","Pregnenolone Steroids"
"46","1H-indole-7-acetic acid","Xenobiotics","Bacterial/Fungal"
"47","2'-deoxyuridine","Nucleotide","Pyrimidine Metabolism, Uracil containing"
"48","2'-O-methylcytidine","Nucleotide","Pyrimidine Metabolism, Cytidine containing"
"49","2'-O-methyluridine","Nucleotide","Pyrimidine Metabolism, Uracil containing"
"50","2,3-dihydroxy-2-methylbutyrate","Amino Acid","Leucine, Isoleucine and Valine Metabolism"
"51","2,3-dihydroxy-5-methylthio-4-pentenoate (DMTPA)*","Amino Acid","Methionine, Cysteine, SAM and Taurine Metabolism"
"52","2,3-dihydroxyisovalerate","Xenobiotics","Food Component/Plant"
"53","2,3-dihydroxypyridine","Xenobiotics","Food Component/Plant"
"54","2,6-dihydroxybenzoic acid","Xenobiotics","Drug - Topical Agents"
"55","2-acetamidophenol sulfate","Xenobiotics","Food Component/Plant"
"56","2-aminoadipate","Amino Acid","Lysine Metabolism"
"57","2-aminobutyrate","Amino Acid","Glutathione Metabolism"
"58","2-aminoheptanoate","Lipid","Fatty Acid, Amino"
"59","2-aminooctanoate","Lipid","Fatty Acid, Amino"
"60","2-aminophenol sulfate","Xenobiotics","Food Component/Plant"
"61","2-ethylphenylsulfate","Xenobiotics","Benzoate Metabolism"
"62","2-hydroxy-3-methylvalerate","Amino Acid","Leucine, Isoleucine and Valine Metabolism"
"63","2-hydroxy-4-(methylthio)butanoic acid","Amino Acid","Methionine, Cysteine, SAM and Taurine Metabolism"
"64","2-hydroxyacetaminophen sulfate*","Xenobiotics","Drug - Analgesics, Anesthetics"
"65","2-hydroxyarachidate*","Lipid","Fatty Acid, Monohydroxy"
"66","2-hydroxybutyrate/2-hydroxyisobutyrate","Amino Acid","Glutathione Metabolism"
"67","2-hydroxydecanoate","Lipid","Fatty Acid, Monohydroxy"
"68","2-hydroxyfluorene sulfate","Xenobiotics","Tobacco Metabolite"
"69","2-hydroxyglutarate","Lipid","Fatty Acid, Dicarboxylate"
"70","2-hydroxyhippurate (salicylurate)","Xenobiotics","Benzoate Metabolism"
"71","2-hydroxylaurate","Lipid","Fatty Acid, Monohydroxy"
"72","2-hydroxyoctanoate","Lipid","Fatty Acid, Monohydroxy"
"73","2-hydroxypalmitate","Lipid","Fatty Acid, Monohydroxy"
"74","2-hydroxyphenylacetate","Amino Acid","Phenylalanine Metabolism"
"75","2-hydroxysebacate","Lipid","Fatty Acid, Dicarboxylate"
"76","2-hydroxystearate","Lipid","Fatty Acid, Monohydroxy"
"77","2-isopropylmalate","Xenobiotics","Food Component/Plant"
"78","2-ketocaprylate","Amino Acid","Leucine, Isoleucine and Valine Metabolism"
"79","2-methoxyacetaminophen glucuronide*","Xenobiotics","Drug - Analgesics, Anesthetics"
"80","2-methoxyacetaminophen sulfate*","Xenobiotics","Drug - Analgesics, Anesthetics"
"81","2-methoxyhydroquinone sulfate (1)","Xenobiotics","Benzoate Metabolism"
"82","2-methoxyhydroquinone sulfate (2)","Xenobiotics","Benzoate Metabolism"
"83","2-methoxyresorcinol sulfate","Xenobiotics","Chemical"
"84","2-methylbutyrylcarnitine (C5)","Amino Acid","Leucine, Isoleucine and Valine Metabolism"
"85","2-methylcitrate/homocitrate","Energy","TCA Cycle"
"86","2-methylmalonylcarnitine (C4-DC)","Lipid","Fatty Acid Metabolism (also BCAA Metabolism)"
"87","2-methylserine","Amino Acid","Glycine, Serine and Threonine Metabolism"
"88","2-naphthol sulfate","Xenobiotics","Chemical"
"89","2-O-methylascorbic acid","Cofactors and Vitamins","Ascorbate and Aldarate Metabolism"
"90","2-oxindole-3-acetate","Xenobiotics","Food Component/Plant"
"91","2-oxoarginine*","Amino Acid","Urea cycle; Arginine and Proline Metabolism"
"92","2-piperidinone","Xenobiotics","Food Component/Plant"
"93","21-hydroxypregnenolone disulfate","Lipid","Pregnenolone Steroids"
"94","2R,3R-dihydroxybutyrate","Lipid","Fatty Acid, Dihydroxy"
"95","2S,3R-dihydroxybutyrate","Lipid","Fatty Acid, Dihydroxy"
"96","3,4-dihydroxybutyrate","Lipid","Fatty Acid, Dihydroxy"
"97","3,5-dichloro-2,6-dihydroxybenzoic acid","Xenobiotics","Chemical"
"98","3,7-dimethylurate","Xenobiotics","Xanthine Metabolism"
"99","3-(3-amino-3-carboxypropyl)uridine*","Nucleotide","Pyrimidine Metabolism, Uracil containing"
"100","3-(3-hydroxyphenyl)propionate","Xenobiotics","Benzoate Metabolism"
"101","3-(3-hydroxyphenyl)propionate sulfate","Xenobiotics","Benzoate Metabolism"
"102","3-(4-hydroxyphenyl)lactate (HPLA)","Amino Acid","Tyrosine Metabolism"
"103","3-(cystein-S-yl)acetaminophen*","Xenobiotics","Drug - Analgesics, Anesthetics"
"104","3-(methylthio)acetaminophen sulfate*","Xenobiotics","Drug - Analgesics, Anesthetics"
"105","3-(N-acetyl-L-cystein-S-yl) acetaminophen","Xenobiotics","Drug - Analgesics, Anesthetics"
"106","3-acetylphenol sulfate","Xenobiotics","Chemical"
"107","3-amino-2-piperidone","Amino Acid","Urea cycle; Arginine and Proline Metabolism"
"108","3-aminoisobutyrate","Nucleotide","Pyrimidine Metabolism, Thymine containing"
"109","3-bromo-5-chloro-2,6-dihydroxybenzoic acid*","Xenobiotics","Chemical"
"110","3-carboxy-4-methyl-5-pentyl-2-furanpropionate (3-CMPFP)","Lipid","Fatty Acid, Dicarboxylate"
"111","3-carboxy-4-methyl-5-propyl-2-furanpropanoate (CMPF)","Lipid","Fatty Acid, Dicarboxylate"
"112","3-decenoylcarnitine","Lipid","Fatty Acid Metabolism (Acyl Carnitine, Monounsaturated)"
"113","3-ethylcatechol sulfate (1)","Xenobiotics","Food Component/Plant"
"114","3-ethylcatechol sulfate (2)","Xenobiotics","Food Component/Plant"
"115","3-formylindole","Xenobiotics","Food Component/Plant"
"116","3-hydroxy-2-ethylpropionate","Amino Acid","Leucine, Isoleucine and Valine Metabolism"
"117","3-hydroxy-2-methylpyridine sulfate","Xenobiotics","Chemical"
"118","3-hydroxy-3-methylglutarate","Lipid","Mevalonate Metabolism"
"119","3-hydroxyadipate*","Lipid","Fatty Acid, Dicarboxylate"
"120","3-hydroxybutyrate (BHBA)","Lipid","Ketone Bodies"
"121","3-hydroxybutyroylglycine","Lipid","Fatty Acid Metabolism (Acyl Glycine)"
"122","3-hydroxycotinine glucuronide","Xenobiotics","Tobacco Metabolite"
"123","3-hydroxydecanoate","Lipid","Fatty Acid, Monohydroxy"
"124","3-hydroxydecanoylcarnitine","Lipid","Fatty Acid Metabolism (Acyl Carnitine, Hydroxy)"
"125","3-hydroxydodecanedioate*","Lipid","Fatty Acid, Dicarboxylate"
"126","3-hydroxyhexanoate","Lipid","Fatty Acid, Monohydroxy"
"127","3-hydroxyhexanoylcarnitine (1)","Lipid","Fatty Acid Metabolism (Acyl Carnitine, Hydroxy)"
"128","3-hydroxyhippurate","Xenobiotics","Benzoate Metabolism"
"129","3-hydroxyhippurate sulfate","Xenobiotics","Benzoate Metabolism"
"130","3-hydroxyisobutyrate","Amino Acid","Leucine, Isoleucine and Valine Metabolism"
"131","3-hydroxylaurate","Lipid","Fatty Acid, Monohydroxy"
"132","3-hydroxymyristate","Lipid","Fatty Acid, Monohydroxy"
"133","3-hydroxyoctanoate","Lipid","Fatty Acid, Monohydroxy"
"134","3-hydroxyoleoylcarnitine","Lipid","Fatty Acid Metabolism (Acyl Carnitine, Hydroxy)"
"135","3-hydroxypyridine glucuronide","Xenobiotics","Chemical"
"136","3-hydroxypyridine sulfate","Xenobiotics","Chemical"
"137","3-hydroxysebacate","Lipid","Fatty Acid, Monohydroxy"
"138","3-hydroxystachydrine*","Xenobiotics","Food Component/Plant"
"139","3-hydroxystearate","Lipid","Fatty Acid, Monohydroxy"
"140","3-indoleglyoxylic acid","Xenobiotics","Food Component/Plant"
"141","3-indoxyl sulfate","Amino Acid","Tryptophan Metabolism"
"142","3-methoxycatechol sulfate (1)","Xenobiotics","Benzoate Metabolism"
"143","3-methoxycatechol sulfate (2)","Xenobiotics","Benzoate Metabolism"
"144","3-methoxytyramine sulfate","Amino Acid","Tyrosine Metabolism"
"145","3-methoxytyrosine","Amino Acid","Tyrosine Metabolism"
"146","3-methyl catechol sulfate (1)","Xenobiotics","Benzoate Metabolism"
"147","3-methyl catechol sulfate (2)","Xenobiotics","Benzoate Metabolism"
"148","3-methyl-2-oxobutyrate","Amino Acid","Leucine, Isoleucine and Valine Metabolism"
"149","3-methyl-2-oxovalerate","Amino Acid","Leucine, Isoleucine and Valine Metabolism"
"150","3-methyladipate","Lipid","Fatty Acid, Dicarboxylate"
"151","3-methylcytidine","Nucleotide","Pyrimidine Metabolism, Cytidine containing"
"152","3-methylglutaconate","Amino Acid","Leucine, Isoleucine and Valine Metabolism"
"153","3-methylglutarate/2-methylglutarate","Lipid","Fatty Acid, Dicarboxylate"
"154","3-methylglutarylcarnitine (2)","Amino Acid","Leucine, Isoleucine and Valine Metabolism"
"155","3-methylhistidine","Amino Acid","Histidine Metabolism"
"156","3-methylxanthine","Xenobiotics","Xanthine Metabolism"
"157","3-phenylpropionate (hydrocinnamate)","Xenobiotics","Benzoate Metabolism"
"158","3-phosphoglycerate","Carbohydrate","Glycolysis, Gluconeogenesis, and Pyruvate Metabolism"
"159","3-ureidopropionate","Nucleotide","Pyrimidine Metabolism, Uracil containing"
"160","3beta,7alpha-dihydroxy-5-cholestenoate","Lipid","Sterol"
"161","3beta-hydroxy-5-cholestenoate","Lipid","Sterol"
"162","4-acetamidobutanoate","Amino Acid","Polyamine Metabolism"
"163","4-acetamidophenol","Xenobiotics","Drug - Analgesics, Anesthetics"
"164","4-acetamidophenylglucuronide","Xenobiotics","Drug - Analgesics, Anesthetics"
"165","4-acetaminophen sulfate","Xenobiotics","Drug - Analgesics, Anesthetics"
"166","4-acetylcatechol sulfate (1)","Xenobiotics","Food Component/Plant"
"167","4-acetylphenyl sulfate","Xenobiotics","Benzoate Metabolism"
"168","4-allylcatechol sulfate","Xenobiotics","Benzoate Metabolism"
"169","4-allylphenol sulfate","Xenobiotics","Food Component/Plant"
"170","4-chlorobenzoic acid","Xenobiotics","Chemical"
"171","4-cholesten-3-one","Lipid","Sterol"
"172","4-ethylcatechol sulfate","Xenobiotics","Benzoate Metabolism"
"173","4-ethylphenyl sulfate","Xenobiotics","Benzoate Metabolism"
"174","4-guanidinobutanoate","Amino Acid","Guanidino and Acetamido Metabolism"
"175","4-hydroxy-2-oxoglutaric acid","Lipid","Fatty Acid, Dicarboxylate"
"176","4-hydroxychlorothalonil","Xenobiotics","Chemical"
"177","4-hydroxycoumarin","Xenobiotics","Drug - Cardiovascular"
"178","4-hydroxyglutamate","Amino Acid","Glutamate Metabolism"
"179","4-hydroxyhippurate","Xenobiotics","Benzoate Metabolism"
"180","4-hydroxyphenylacetatoylcarnitine","Amino Acid","Tyrosine Metabolism"
"181","4-hydroxyphenylacetylglutamine","Peptide","Acetylated Peptides"
"182","4-hydroxyphenylpyruvate","Amino Acid","Tyrosine Metabolism"
"183","4-imidazoleacetate","Amino Acid","Histidine Metabolism"
"184","4-methoxyphenol sulfate","Amino Acid","Tyrosine Metabolism"
"185","4-methyl-2-oxopentanoate","Amino Acid","Leucine, Isoleucine and Valine Metabolism"
"186","4-methylcatechol sulfate","Xenobiotics","Benzoate Metabolism"
"187","4-methylguaiacol sulfate","Xenobiotics","Benzoate Metabolism"
"188","4-methylhexanoylglutamine","Lipid","Fatty Acid Metabolism (Acyl Glutamine)"
"189","4-methylnonanoylcarnitine","Lipid","Fatty Acid Metabolism (Acyl Carnitine, Medium Chain)"
"190","4-vinylguaiacol sulfate","Xenobiotics","Food Component/Plant"
"191","4-vinylphenol sulfate","Xenobiotics","Benzoate Metabolism"
"192","5,6-dihydrothymine","Nucleotide","Pyrimidine Metabolism, Thymine containing"
"193","5,6-dihydrouracil","Nucleotide","Pyrimidine Metabolism, Uracil containing"
"194","5,6-dihydrouridine","Nucleotide","Pyrimidine Metabolism, Uracil containing"
"195","5-(galactosylhydroxy)-L-lysine","Amino Acid","Lysine Metabolism"
"196","5-acetylamino-6-amino-3-methyluracil","Xenobiotics","Xanthine Metabolism"
"197","5-acetylamino-6-formylamino-3-methyluracil","Xenobiotics","Xanthine Metabolism"
"198","5-dodecenoate (12:1n7)","Lipid","Medium Chain Fatty Acid"
"199","5-dodecenoylcarnitine (C12:1)","Lipid","Fatty Acid Metabolism (Acyl Carnitine, Monounsaturated)"
"200","5-hydroxy-2-methylpyridine sulfate","Xenobiotics","Chemical"
"201","5-hydroxyhexanoate","Lipid","Fatty Acid, Monohydroxy"
"202","5-hydroxylysine","Amino Acid","Lysine Metabolism"
"203","5-hydroxymethyl-2-furoic acid","Amino Acid","Tyrosine Metabolism"
"204","5-hydroxymethyl-2-furoylcarnitine*","Xenobiotics","Food Component/Plant"
"205","5-methylthioadenosine (MTA)","Amino Acid","Polyamine Metabolism"
"206","5-methyluridine (ribothymidine)","Nucleotide","Pyrimidine Metabolism, Uracil containing"
"207","5-oxoproline","Amino Acid","Glutathione Metabolism"
"208","5alpha-androstan-3alpha,17alpha-diol monosulfate","Lipid","Androgenic Steroids"
"209","5alpha-androstan-3alpha,17beta-diol 17-glucuronide","Lipid","Androgenic Steroids"
"210","5alpha-androstan-3alpha,17beta-diol disulfate","Lipid","Androgenic Steroids"
"211","5alpha-androstan-3alpha,17beta-diol monosulfate (1)","Lipid","Androgenic Steroids"
"212","5alpha-androstan-3alpha,17beta-diol monosulfate (2)","Lipid","Androgenic Steroids"
"213","5alpha-androstan-3beta,17alpha-diol disulfate","Lipid","Androgenic Steroids"
"214","5alpha-androstan-3beta,17beta-diol disulfate","Lipid","Androgenic Steroids"
"215","5alpha-androstan-3beta,17beta-diol monosulfate (2)","Lipid","Androgenic Steroids"
"216","5alpha-pregnan-3beta,20alpha-diol disulfate","Lipid","Progestin Steroids"
"217","5alpha-pregnan-3beta,20alpha-diol monosulfate (2)","Lipid","Progestin Steroids"
"218","5alpha-pregnan-3beta,20beta-diol monosulfate (1)","Lipid","Progestin Steroids"
"219","5alpha-pregnan-diol disulfate","Lipid","Progestin Steroids"
"220","6-bromotryptophan","Amino Acid","Tryptophan Metabolism"
"221","6-hydroxyindole sulfate","Xenobiotics","Chemical"
"222","6-hydroxywarfarin","Xenobiotics","Drug - Cardiovascular"
"223","6-oxopiperidine-2-carboxylate","Amino Acid","Lysine Metabolism"
"224","7-HOCA","Lipid","Sterol"
"225","7-hydroxyindole sulfate","Amino Acid","Tryptophan Metabolism"
"226","7-hydroxywarfarin","Xenobiotics","Drug - Cardiovascular"
"227","7-methylguanine","Nucleotide","Purine Metabolism, Guanine containing"
"228","7-methylxanthine","Xenobiotics","Xanthine Metabolism"
"229","8-methoxykynurenate","Amino Acid","Tryptophan Metabolism"
"230","9,10-DiHOME","Lipid","Fatty Acid, Dihydroxy"
"231","9-hydroxystearate","Lipid","Fatty Acid, Monohydroxy"
"232","abacavir","Xenobiotics","Drug - Antiviral"
"233","acesulfame","Xenobiotics","Food Component/Plant"
"234","acetoacetate","Lipid","Ketone Bodies"
"235","acetylcarnitine (C2)","Lipid","Fatty Acid Metabolism (Acyl Carnitine, Short Chain)"
"236","acisoga","Amino Acid","Polyamine Metabolism"
"237","aconitate [cis or trans]","Energy","TCA Cycle"
"238","adenosine 3',5'-cyclic monophosphate (cAMP)","Nucleotide","Purine Metabolism, Adenine containing"
"239","AMP","Nucleotide","Purine Metabolism, Adenine containing"
"240","adipate","Lipid","Fatty Acid, Dicarboxylate"
"241","adipoylcarnitine (C6-DC)","Lipid","Fatty Acid Metabolism (Acyl Carnitine, Dicarboxylate)"
"242","adrenate (22:4n6)","Lipid","Long Chain Polyunsaturated Fatty Acid (n3 and n6)"
"243","adrenoylcarnitine (C22:4)*","Lipid","Fatty Acid Metabolism (Acyl Carnitine, Polyunsaturated)"
"244","alanine","Amino Acid","Alanine and Aspartate Metabolism"
"245","allantoin","Nucleotide","Purine Metabolism, (Hypo)Xanthine/Inosine containing"
"246","alliin","Xenobiotics","Food Component/Plant"
"247","allo-threonine","Amino Acid","Glycine, Serine and Threonine Metabolism"
"248","allopurinol","Xenobiotics","Drug - Metabolic"
"249","allopurinol riboside","Xenobiotics","Drug - Metabolic"
"250","alpha-hydroxyisocaproate","Amino Acid","Leucine, Isoleucine and Valine Metabolism"
"251","alpha-hydroxyisovalerate","Amino Acid","Leucine, Isoleucine and Valine Metabolism"
"252","alpha-hydroxymetoprolol","Xenobiotics","Drug - Cardiovascular"
"253","alpha-ketobutyrate","Amino Acid","Methionine, Cysteine, SAM and Taurine Metabolism"
"254","alpha-ketoglutaramate*","Amino Acid","Glutamate Metabolism"
"255","alpha-ketoglutarate","Energy","TCA Cycle"
"256","alpha-tocopherol","Cofactors and Vitamins","Tocopherol Metabolism"
"257","andro steroid monosulfate C19H28O6S (1)*","Lipid","Androgenic Steroids"
"258","androstenediol (3alpha, 17alpha) monosulfate (2)","Lipid","Androgenic Steroids"
"259","androstenediol (3alpha, 17alpha) monosulfate (3)","Lipid","Androgenic Steroids"
"260","androstenediol (3beta,17beta) disulfate (1)","Lipid","Androgenic Steroids"
"261","androstenediol (3beta,17beta) disulfate (2)","Lipid","Androgenic Steroids"
"262","androstenediol (3beta,17beta) monosulfate (1)","Lipid","Androgenic Steroids"
"263","androstenediol (3beta,17beta) monosulfate (2)","Lipid","Androgenic Steroids"
"264","androsterone glucuronide","Lipid","Androgenic Steroids"
"265","androsterone sulfate","Lipid","Androgenic Steroids"
"266","anserine","Amino Acid","Histidine Metabolism"
"267","anthranilate","Amino Acid","Tryptophan Metabolism"
"268","arabinose","Carbohydrate","Pentose Metabolism"
"269","arabitol/xylitol","Carbohydrate","Pentose Metabolism"
"270","arabonate/xylonate","Carbohydrate","Pentose Metabolism"
"271","arachidate (20:0)","Lipid","Long Chain Saturated Fatty Acid"
"272","arachidonate (20:4n6)","Lipid","Long Chain Polyunsaturated Fatty Acid (n3 and n6)"
"273","arachidonoylcarnitine (C20:4)","Lipid","Fatty Acid Metabolism (Acyl Carnitine, Polyunsaturated)"
"274","arachidonoylcholine","Lipid","Fatty Acid Metabolism (Acyl Choline)"
"275","arachidoylcarnitine (C20)*","Lipid","Fatty Acid Metabolism (Acyl Carnitine, Long Chain Saturated)"
"276","argininate*","Amino Acid","Urea cycle; Arginine and Proline Metabolism"
"277","arginine","Amino Acid","Urea cycle; Arginine and Proline Metabolism"
"278","ascorbic acid 2-sulfate","Cofactors and Vitamins","Ascorbate and Aldarate Metabolism"
"279","ascorbic acid 3-sulfate*","Cofactors and Vitamins","Ascorbate and Aldarate Metabolism"
"280","asparagine","Amino Acid","Alanine and Aspartate Metabolism"
"281","aspartate","Amino Acid","Alanine and Aspartate Metabolism"
"282","atazanavir","Xenobiotics","Drug - Antiviral"
"283","azelate (C9-DC)","Lipid","Fatty Acid, Dicarboxylate"
"284","behenoylcarnitine (C22)*","Lipid","Fatty Acid Metabolism (Acyl Carnitine, Long Chain Saturated)"
"285","benzoate","Xenobiotics","Benzoate Metabolism"
"286","benzoylcarnitine*","Xenobiotics","Chemical"
"287","beta-alanine","Nucleotide","Pyrimidine Metabolism, Uracil containing"
"288","beta-citrylglutamate","Amino Acid","Glutamate Metabolism"
"289","beta-cryptoxanthin","Cofactors and Vitamins","Vitamin A Metabolism"
"290","beta-hydroxyisovalerate","Amino Acid","Leucine, Isoleucine and Valine Metabolism"
"291","beta-hydroxyisovaleroylcarnitine","Amino Acid","Leucine, Isoleucine and Valine Metabolism"
"292","beta-sitosterol","Lipid","Sterol"
"293","betaine","Amino Acid","Glycine, Serine and Threonine Metabolism"
"294","bilirubin (E,E)*","Cofactors and Vitamins","Hemoglobin and Porphyrin Metabolism"
"295","bilirubin (E,Z or Z,E)*","Cofactors and Vitamins","Hemoglobin and Porphyrin Metabolism"
"296","bilirubin","Cofactors and Vitamins","Hemoglobin and Porphyrin Metabolism"
"297","biliverdin","Cofactors and Vitamins","Hemoglobin and Porphyrin Metabolism"
"298","branched chain 14:0 dicarboxylic acid","Lipid","Fatty Acid, Dicarboxylate"
"299","branched-chain, straight-chain, or cyclopropyl 10:1 fatty acid (1)*","Partially Characterized Molecules","Partially Characterized Molecules"
"300","branched-chain, straight-chain, or cyclopropyl 10:1 fatty acid (2)*","Partially Characterized Molecules","Partially Characterized Molecules"
"301","branched-chain, straight-chain, or cyclopropyl 12:1 fatty acid*","Partially Characterized Molecules","Partially Characterized Molecules"
"302","butyrate/isobutyrate (4:0)","Lipid","Short Chain Fatty Acid"
"303","butyrylcarnitine (C4)","Lipid","Fatty Acid Metabolism (also BCAA Metabolism)"
"304","butyrylglycine (C4)","Lipid","Fatty Acid Metabolism (also BCAA Metabolism)"
"305","C-glycosyltryptophan","Amino Acid","Tryptophan Metabolism"
"306","caffeic acid sulfate","Xenobiotics","Food Component/Plant"
"307","caffeine","Xenobiotics","Xanthine Metabolism"
"308","campesterol","Lipid","Sterol"
"309","caprate (10:0)","Lipid","Medium Chain Fatty Acid"
"310","caproate (6:0)","Lipid","Medium Chain Fatty Acid"
"311","caprylate (8:0)","Lipid","Medium Chain Fatty Acid"
"312","carboxyethyl-GABA","Amino Acid","Glutamate Metabolism"
"313","carboxyibuprofen","Xenobiotics","Drug - Analgesics, Anesthetics"
"314","carboxyibuprofen glucuronide*","Xenobiotics","Drug - Analgesics, Anesthetics"
"315","carnitine","Lipid","Carnitine Metabolism"
"316","carotene diol (1)","Cofactors and Vitamins","Vitamin A Metabolism"
"317","carotene diol (2)","Cofactors and Vitamins","Vitamin A Metabolism"
"318","carotene diol (3)","Cofactors and Vitamins","Vitamin A Metabolism"
"319","catechol glucuronide","Amino Acid","Tyrosine Metabolism"
"320","catechol sulfate","Xenobiotics","Benzoate Metabolism"
"321","cerotoylcarnitine (C26)*","Lipid","Fatty Acid Metabolism (Acyl Carnitine, Long Chain Saturated)"
"322","cetirizine","Xenobiotics","Drug - Respiratory"
"323","chenodeoxycholate","Lipid","Primary Bile Acid Metabolism"
"324","chiro-inositol","Lipid","Inositol Metabolism"
"325","cholate","Lipid","Primary Bile Acid Metabolism"
"326","cholesterol","Lipid","Sterol"
"327","choline","Lipid","Phospholipid Metabolism"
"328","phosphocholine","Lipid","Phospholipid Metabolism"
"329","cinnamoylglycine","Xenobiotics","Food Component/Plant"
"330","cis-4-decenoate (10:1n6)*","Lipid","Medium Chain Fatty Acid"
"331","cis-4-decenoylcarnitine (C10:1)","Lipid","Fatty Acid Metabolism (Acyl Carnitine, Monounsaturated)"
"332","citalopram N-oxide*","Xenobiotics","Drug - Psychoactive"
"333","citalopram propionate*","Xenobiotics","Drug - Psychoactive"
"334","citalopram/escitalopram","Xenobiotics","Drug - Psychoactive"
"335","citraconate/glutaconate","Energy","TCA Cycle"
"336","citramalate","Amino Acid","Glutamate Metabolism"
"337","citrate","Energy","TCA Cycle"
"338","citrulline","Amino Acid","Urea cycle; Arginine and Proline Metabolism"
"339","cobicistat","Xenobiotics","Drug - Antiviral"
"340","cortisol","Lipid","Corticosteroids"
"341","cortisone","Lipid","Corticosteroids"
"342","cortolone glucuronide (1)","Lipid","Corticosteroids"
"343","cotinine","Xenobiotics","Tobacco Metabolite"
"344","cotinine N-oxide","Xenobiotics","Tobacco Metabolite"
"345","creatine","Amino Acid","Creatine Metabolism"
"346","creatinine","Amino Acid","Creatine Metabolism"
"347","cys-gly, oxidized","Amino Acid","Glutathione Metabolism"
"348","cystathionine","Amino Acid","Methionine, Cysteine, SAM and Taurine Metabolism"
"349","cysteine","Amino Acid","Methionine, Cysteine, SAM and Taurine Metabolism"
"350","cysteine s-sulfate","Amino Acid","Methionine, Cysteine, SAM and Taurine Metabolism"
"351","cysteine sulfinic acid","Amino Acid","Methionine, Cysteine, SAM and Taurine Metabolism"
"352","cysteine-glutathione disulfide","Amino Acid","Glutathione Metabolism"
"353","cysteinylglycine","Amino Acid","Glutathione Metabolism"
"354","cysteinylglycine disulfide*","Amino Acid","Glutathione Metabolism"
"355","cystine","Amino Acid","Methionine, Cysteine, SAM and Taurine Metabolism"
"356","cytidine","Nucleotide","Pyrimidine Metabolism, Cytidine containing"
"357","cytosine","Nucleotide","Pyrimidine Metabolism, Cytidine containing"
"358","darunavir","Xenobiotics","Drug - Antiviral"
"359","decadienedioic acid (C10:2-DC)","Lipid","Fatty Acid, Dicarboxylate"
"360","decanoylcarnitine (C10)","Lipid","Fatty Acid Metabolism (Acyl Carnitine, Medium Chain)"
"361","dehydroepiandrosterone sulfate (DHEA-S)","Lipid","Androgenic Steroids"
"362","deoxycarnitine","Lipid","Carnitine Metabolism"
"363","deoxycholate","Lipid","Secondary Bile Acid Metabolism"
"364","deoxycholic acid 12-sulfate*","Lipid","Secondary Bile Acid Metabolism"
"365","deoxycholic acid glucuronide","Lipid","Secondary Bile Acid Metabolism"
"366","desmethylcitalopram*","Xenobiotics","Drug - Psychoactive"
"367","didesmethylcitalopram*","Xenobiotics","Drug - Psychoactive"
"368","dihomolinoleate (20:2n6)","Lipid","Long Chain Polyunsaturated Fatty Acid (n3 and n6)"
"369","dihomolinolenate (20:3n3 or 3n6)","Lipid","Long Chain Polyunsaturated Fatty Acid (n3 and n6)"
"370","dihomo-linolenoyl-choline","Lipid","Fatty Acid Metabolism (Acyl Choline)"
"371","dihomo-linolenoylcarnitine (C20:3n3 or 6)*","Lipid","Fatty Acid Metabolism (Acyl Carnitine, Polyunsaturated)"
"372","dihomo-linoleoylcarnitine (C20:2)*","Lipid","Fatty Acid Metabolism (Acyl Carnitine, Polyunsaturated)"
"373","dihydrocaffeate sulfate (2)","Xenobiotics","Food Component/Plant"
"374","dihydroferulate","Xenobiotics","Food Component/Plant"
"375","dihydroferulic acid sulfate","Xenobiotics","Food Component/Plant"
"376","dihydroorotate","Nucleotide","Pyrimidine Metabolism, Orotate containing"
"377","dimethyl sulfone","Xenobiotics","Chemical"
"378","dimethylarginine (ADMA + SDMA)","Amino Acid","Urea cycle; Arginine and Proline Metabolism"
"379","dimethylglycine","Amino Acid","Glycine, Serine and Threonine Metabolism"
"380","diphenhydramine","Xenobiotics","Drug - Respiratory"
"381","docosadienoate (22:2n6)","Lipid","Long Chain Polyunsaturated Fatty Acid (n3 and n6)"
"382","docosadioate (C22-DC)","Lipid","Fatty Acid, Dicarboxylate"
"383","docosahexaenoate (DHA; 22:6n3)","Lipid","Long Chain Polyunsaturated Fatty Acid (n3 and n6)"
"384","docosahexaenoylcarnitine (C22:6)*","Lipid","Fatty Acid Metabolism (Acyl Carnitine, Polyunsaturated)"
"385","docosahexaenoylcholine","Lipid","Fatty Acid Metabolism (Acyl Choline)"
"386","docosapentaenoate (DPA; 22:5n3)","Lipid","Long Chain Polyunsaturated Fatty Acid (n3 and n6)"
"387","docosapentaenoate (n6 DPA; 22:5n6)","Lipid","Long Chain Polyunsaturated Fatty Acid (n3 and n6)"
"388","docosapentaenoylcarnitine (C22:5n3)*","Lipid","Fatty Acid Metabolism (Acyl Carnitine, Polyunsaturated)"
"389","docosatrienoate (22:3n3)","Lipid","Long Chain Polyunsaturated Fatty Acid (n3 and n6)"
"390","docosatrienoate (22:3n6)*","Lipid","Long Chain Polyunsaturated Fatty Acid (n3 and n6)"
"391","dodecadienoate (12:2)*","Lipid","Fatty Acid, Dicarboxylate"
"392","dodecanedioate (C12)","Lipid","Fatty Acid, Dicarboxylate"
"393","dodecenedioate (C12:1-DC)*","Lipid","Fatty Acid, Dicarboxylate"
"394","dolutegravir","Xenobiotics","Drug - Antiviral"
"395","dopamine 3-O-sulfate","Amino Acid","Tyrosine Metabolism"
"396","dopamine 4-sulfate","Amino Acid","Tyrosine Metabolism"
"397","doxycycline","Xenobiotics","Drug - Antibiotic"
"398","ectoine","Xenobiotics","Chemical"
"399","EDTA","Xenobiotics","Chemical"
"400","efavirenz","Xenobiotics","Drug - Antiviral"
"401","eicosanedioate (C20-DC)","Lipid","Fatty Acid, Dicarboxylate"
"402","eicosapentaenoate (EPA; 20:5n3)","Lipid","Long Chain Polyunsaturated Fatty Acid (n3 and n6)"
"403","eicosapentaenoylcholine","Lipid","Fatty Acid Metabolism (Acyl Choline)"
"404","eicosenoate (20:1n9 or 1n11)","Lipid","Long Chain Monounsaturated Fatty Acid"
"405","eicosenoylcarnitine (C20:1)*","Lipid","Fatty Acid Metabolism (Acyl Carnitine, Monounsaturated)"
"406","elvitegravir","Xenobiotics","Drug - Antiviral"
"407","emtricitabine","Xenobiotics","Drug - Antiviral"
"408","epiandrosterone sulfate","Lipid","Androgenic Steroids"
"409","ergothioneine","Xenobiotics","Food Component/Plant"
"410","erucate (22:1n9)","Lipid","Long Chain Monounsaturated Fatty Acid"
"411","erucoylcarnitine (C22:1)*","Lipid","Fatty Acid Metabolism (Acyl Carnitine, Monounsaturated)"
"412","erythritol","Xenobiotics","Food Component/Plant"
"413","erythronate*","Carbohydrate","Aminosugar Metabolism"
"414","ethyl alpha-glucopyranoside","Xenobiotics","Food Component/Plant"
"415","ethyl beta-glucopyranoside","Xenobiotics","Food Component/Plant"
"416","ethyl glucuronide","Xenobiotics","Chemical"
"417","ethylmalonate","Amino Acid","Leucine, Isoleucine and Valine Metabolism"
"418","etiocholanolone glucuronide","Lipid","Androgenic Steroids"
"419","eugenol sulfate","Xenobiotics","Food Component/Plant"
"420","ferulic acid 4-sulfate","Xenobiotics","Food Component/Plant"
"421","fexofenadine","Xenobiotics","Drug - Respiratory"
"422","formiminoglutamate","Amino Acid","Histidine Metabolism"
"423","fructose","Carbohydrate","Fructose, Mannose and Galactose Metabolism"
"424","fructosyllysine","Amino Acid","Lysine Metabolism"
"425","fumarate","Energy","TCA Cycle"
"426","furosemide","Xenobiotics","Drug - Cardiovascular"
"427","gabapentin","Xenobiotics","Drug - Neurological"
"428","galactonate","Carbohydrate","Fructose, Mannose and Galactose Metabolism"
"429","gamma-CEHC","Cofactors and Vitamins","Tocopherol Metabolism"
"430","gamma-glutamyl-2-aminobutyrate","Peptide","Gamma-glutamyl Amino Acid"
"431","gamma-glutamyl-alpha-lysine","Peptide","Gamma-glutamyl Amino Acid"
"432","gamma-glutamyl-epsilon-lysine","Peptide","Gamma-glutamyl Amino Acid"
"433","gamma-glutamylcitrulline*","Peptide","Gamma-glutamyl Amino Acid"
"434","gamma-glutamylglutamate","Peptide","Gamma-glutamyl Amino Acid"
"435","gamma-glutamylglutamine","Peptide","Gamma-glutamyl Amino Acid"
"436","gamma-glutamylglycine","Peptide","Gamma-glutamyl Amino Acid"
"437","gamma-glutamylhistidine","Peptide","Gamma-glutamyl Amino Acid"
"438","gamma-glutamylisoleucine*","Peptide","Gamma-glutamyl Amino Acid"
"439","gamma-glutamylleucine","Peptide","Gamma-glutamyl Amino Acid"
"440","gamma-glutamylmethionine","Peptide","Gamma-glutamyl Amino Acid"
"441","gamma-glutamylphenylalanine","Peptide","Gamma-glutamyl Amino Acid"
"442","gamma-glutamylthreonine","Peptide","Gamma-glutamyl Amino Acid"
"443","gamma-glutamyltryptophan","Peptide","Gamma-glutamyl Amino Acid"
"444","gamma-glutamyltyrosine","Peptide","Gamma-glutamyl Amino Acid"
"445","gamma-glutamylvaline","Peptide","Gamma-glutamyl Amino Acid"
"446","gamma-tocopherol/beta-tocopherol","Cofactors and Vitamins","Tocopherol Metabolism"
"447","genistein sulfate*","Xenobiotics","Food Component/Plant"
"448","gentisate","Amino Acid","Tyrosine Metabolism"
"449","GlcNAc sulfate conjugate of C21H34O2 steroid","Partially Characterized Molecules","Partially Characterized Molecules"
"450","gluconate","Xenobiotics","Food Component/Plant"
"451","glucose","Carbohydrate","Glycolysis, Gluconeogenesis, and Pyruvate Metabolism"
"452","glucuronate","Carbohydrate","Aminosugar Metabolism"
"453","glucuronide of C10H18O2 (1)*","Partially Characterized Molecules","Partially Characterized Molecules"
"454","glucuronide of C10H18O2 (7)*","Partially Characterized Molecules","Partially Characterized Molecules"
"455","glucuronide of C10H18O2 (8)*","Partially Characterized Molecules","Partially Characterized Molecules"
"456","glucuronide of C12H22O4 (1)*","Partially Characterized Molecules","Partially Characterized Molecules"
"457","glucuronide of C12H22O4 (2)*","Partially Characterized Molecules","Partially Characterized Molecules"
"458","glucuronide of C14H26O4 (1)*","Partially Characterized Molecules","Partially Characterized Molecules"
"459","glucuronide of piperine metabolite C17H21NO3 (3)*","Xenobiotics","Food Component/Plant"
"460","glucuronide of piperine metabolite C17H21NO3 (4)*","Xenobiotics","Food Component/Plant"
"461","glucuronide of piperine metabolite C17H21NO3 (5)*","Xenobiotics","Food Component/Plant"
"462","glutamate","Amino Acid","Glutamate Metabolism"
"463","glutamate, gamma-methyl ester","Amino Acid","Glutamate Metabolism"
"464","glutamine","Amino Acid","Glutamate Metabolism"
"465","glutamine conjugate of C6H10O2 (1)*","Partially Characterized Molecules","Partially Characterized Molecules"
"466","glutamine conjugate of C6H10O2 (2)*","Partially Characterized Molecules","Partially Characterized Molecules"
"467","glutamine conjugate of C7H12O2*","Partially Characterized Molecules","Partially Characterized Molecules"
"468","glutarate (C5-DC)","Lipid","Fatty Acid, Dicarboxylate"
"469","glutarylcarnitine (C5-DC)","Amino Acid","Lysine Metabolism"
"470","glycerate","Carbohydrate","Glycolysis, Gluconeogenesis, and Pyruvate Metabolism"
"471","glycerol","Lipid","Glycerolipid Metabolism"
"472","glycerol 3-phosphate","Lipid","Glycerolipid Metabolism"
"473","glycerophosphoethanolamine","Lipid","Phospholipid Metabolism"
"474","glycerophosphorylcholine (GPC)","Lipid","Phospholipid Metabolism"
"475","glycine","Amino Acid","Glycine, Serine and Threonine Metabolism"
"476","glycine conjugate of C10H12O2*","Partially Characterized Molecules","Partially Characterized Molecules"
"477","glycine conjugate of C10H14O2 (1)*","Partially Characterized Molecules","Partially Characterized Molecules"
"478","glyco-beta-muricholate","Lipid","Primary Bile Acid Metabolism"
"479","glycochenodeoxycholate","Lipid","Primary Bile Acid Metabolism"
"480","glycochenodeoxycholate 3-sulfate","Lipid","Primary Bile Acid Metabolism"
"481","glycochenodeoxycholate glucuronide (1)","Lipid","Primary Bile Acid Metabolism"
"482","glycocholate","Lipid","Primary Bile Acid Metabolism"
"483","glycocholenate sulfate*","Lipid","Secondary Bile Acid Metabolism"
"484","glycodeoxycholate","Lipid","Secondary Bile Acid Metabolism"
"485","glycodeoxycholate 3-sulfate","Lipid","Secondary Bile Acid Metabolism"
"486","glycohyocholate","Lipid","Secondary Bile Acid Metabolism"
"487","glycolithocholate","Lipid","Secondary Bile Acid Metabolism"
"488","glycolithocholate sulfate*","Lipid","Secondary Bile Acid Metabolism"
"489","glycoursodeoxycholate","Lipid","Secondary Bile Acid Metabolism"
"490","glycoursodeoxycholic acid sulfate (1)","Lipid","Secondary Bile Acid Metabolism"
"491","glycylvaline","Peptide","Dipeptide"
"492","glycyrrhetinate","Xenobiotics","Food Component/Plant"
"493","guaiacol sulfate","Xenobiotics","Benzoate Metabolism"
"494","guanidinoacetate","Amino Acid","Creatine Metabolism"
"495","guanidinosuccinate","Amino Acid","Guanidino and Acetamido Metabolism"
"496","gulonate*","Cofactors and Vitamins","Ascorbate and Aldarate Metabolism"
"497","heme","Cofactors and Vitamins","Hemoglobin and Porphyrin Metabolism"
"498","heneicosapentaenoate (21:5n3)","Lipid","Long Chain Polyunsaturated Fatty Acid (n3 and n6)"
"499","heptanoate (7:0)","Lipid","Medium Chain Fatty Acid"
"500","heptenedioate (C7:1-DC)*","Lipid","Fatty Acid, Dicarboxylate"
"501","hexadecadienoate (16:2n6)","Lipid","Long Chain Polyunsaturated Fatty Acid (n3 and n6)"
"502","hexadecanedioate (C16)","Lipid","Fatty Acid, Dicarboxylate"
"503","hexadecasphingosine (d16:1)*","Lipid","Sphingosines"
"504","hexadecenedioate (C16:1-DC)*","Lipid","Fatty Acid, Dicarboxylate"
"505","hexanoylcarnitine (C6)","Lipid","Fatty Acid Metabolism (Acyl Carnitine, Medium Chain)"
"506","hexanoylglutamine","Lipid","Fatty Acid Metabolism (Acyl Glutamine)"
"507","hexanoylglycine (C6)","Lipid","Fatty Acid Metabolism (Acyl Glycine)"
"508","hippurate","Xenobiotics","Benzoate Metabolism"
"509","histidine","Amino Acid","Histidine Metabolism"
"510","histidine betaine (hercynine)*","Xenobiotics","Food Component/Plant"
"511","homoarginine","Amino Acid","Urea cycle; Arginine and Proline Metabolism"
"512","homocitrulline","Amino Acid","Urea cycle; Arginine and Proline Metabolism"
"513","homostachydrine*","Xenobiotics","Food Component/Plant"
"514","homovanillate (HVA)","Amino Acid","Tyrosine Metabolism"
"515","hydantoin-5-propionate","Amino Acid","Histidine Metabolism"
"516","hydrochlorothiazide","Xenobiotics","Drug - Cardiovascular"
"517","hydroquinone sulfate","Xenobiotics","Drug - Topical Agents"
"518","hydroxy-CMPF*","Lipid","Fatty Acid, Dicarboxylate"
"519","hydroxy-N6,N6,N6-trimethyllysine*","Amino Acid","Lysine Metabolism"
"520","hydroxyasparagine","Amino Acid","Alanine and Aspartate Metabolism"
"521","hydroxycotinine","Xenobiotics","Tobacco Metabolite"
"522","hyocholate","Lipid","Secondary Bile Acid Metabolism"
"523","hypotaurine","Amino Acid","Methionine, Cysteine, SAM and Taurine Metabolism"
"524","hypoxanthine","Nucleotide","Purine Metabolism, (Hypo)Xanthine/Inosine containing"
"525","ibuprofen","Xenobiotics","Drug - Analgesics, Anesthetics"
"526","ibuprofen acyl glucuronide","Xenobiotics","Drug - Analgesics, Anesthetics"
"527","imidazole lactate","Amino Acid","Histidine Metabolism"
"528","imidazole propionate","Amino Acid","Histidine Metabolism"
"529","iminodiacetate (IDA)","Xenobiotics","Chemical"
"530","indole-3-carboxylate","Amino Acid","Tryptophan Metabolism"
"531","indoleacetate","Amino Acid","Tryptophan Metabolism"
"532","indoleacetoylcarnitine*","Amino Acid","Tryptophan Metabolism"
"533","indoleacetylglutamine","Amino Acid","Tryptophan Metabolism"
"534","indolelactate","Amino Acid","Tryptophan Metabolism"
"535","indolepropionate","Amino Acid","Tryptophan Metabolism"
"536","indolin-2-one","Xenobiotics","Food Component/Plant"
"537","isobutyrylcarnitine (C4)","Amino Acid","Leucine, Isoleucine and Valine Metabolism"
"538","isobutyrylglycine (C4)","Amino Acid","Leucine, Isoleucine and Valine Metabolism"
"539","isocitric lactone","Energy","TCA Cycle"
"540","isoeugenol sulfate","Xenobiotics","Food Component/Plant"
"541","isoleucine","Amino Acid","Leucine, Isoleucine and Valine Metabolism"
"542","isoleucylglycine","Peptide","Dipeptide"
"543","isoursodeoxycholate","Lipid","Secondary Bile Acid Metabolism"
"544","isovalerate (C5)","Amino Acid","Leucine, Isoleucine and Valine Metabolism"
"545","isovalerylcarnitine (C5)","Amino Acid","Leucine, Isoleucine and Valine Metabolism"
"546","isovalerylglycine","Amino Acid","Leucine, Isoleucine and Valine Metabolism"
"547","kynurenate","Amino Acid","Tryptophan Metabolism"
"548","kynurenine","Amino Acid","Tryptophan Metabolism"
"549","L-urobilin","Cofactors and Vitamins","Hemoglobin and Porphyrin Metabolism"
"550","lactate","Carbohydrate","Glycolysis, Gluconeogenesis, and Pyruvate Metabolism"
"551","lactobacillic acid","Xenobiotics","Bacterial/Fungal"
"552","lamivudine","Xenobiotics","Drug - Antiviral"
"553","lamotrigine","Xenobiotics","Drug - Neurological"
"554","lanthionine","Amino Acid","Methionine, Cysteine, SAM and Taurine Metabolism"
"555","laurate (12:0)","Lipid","Medium Chain Fatty Acid"
"556","laurylcarnitine (C12)","Lipid","Fatty Acid Metabolism (Acyl Carnitine, Medium Chain)"
"557","leucine","Amino Acid","Leucine, Isoleucine and Valine Metabolism"
"558","leucylglycine","Peptide","Dipeptide"
"559","levetiracetam","Xenobiotics","Drug - Neurological"
"560","levulinoylcarnitine","Xenobiotics","Food Component/Plant"
"561","lignoceroylcarnitine (C24)*","Lipid","Fatty Acid Metabolism (Acyl Carnitine, Long Chain Saturated)"
"562","linoleate (18:2n6)","Lipid","Long Chain Polyunsaturated Fatty Acid (n3 and n6)"
"563","linolenate (18:3n3 or 3n6)","Lipid","Long Chain Polyunsaturated Fatty Acid (n3 and n6)"
"564","linolenoylcarnitine (C18:3)*","Lipid","Fatty Acid Metabolism (Acyl Carnitine, Polyunsaturated)"
"565","linoleoylcarnitine (C18:2)*","Lipid","Fatty Acid Metabolism (Acyl Carnitine, Polyunsaturated)"
"566","linoleoylcholine*","Lipid","Fatty Acid Metabolism (Acyl Choline)"
"567","lithocholate sulfate (1)","Lipid","Secondary Bile Acid Metabolism"
"568","lopinavir","Xenobiotics","Drug - Antiviral"
"569","losartan","Xenobiotics","Drug - Cardiovascular"
"570","lysine","Amino Acid","Lysine Metabolism"
"571","m-tyramine sulfate","Amino Acid","Tyrosine Metabolism"
"572","malate","Energy","TCA Cycle"
"573","maleate","Lipid","Fatty Acid, Dicarboxylate"
"574","malonate","Lipid","Fatty Acid Synthesis"
"575","malonylcarnitine","Lipid","Fatty Acid Synthesis"
"576","maltol sulfate","Xenobiotics","Food Component/Plant"
"577","maltose","Carbohydrate","Glycogen Metabolism"
"578","mannitol/sorbitol","Carbohydrate","Fructose, Mannose and Galactose Metabolism"
"579","mannonate*","Xenobiotics","Food Component/Plant"
"580","mannose","Carbohydrate","Fructose, Mannose and Galactose Metabolism"
"581","maraviroc","Xenobiotics","Drug - Antiviral"
"582","margarate (17:0)","Lipid","Long Chain Saturated Fatty Acid"
"583","margaroylcarnitine (C17)*","Lipid","Fatty Acid Metabolism (Acyl Carnitine, Long Chain Saturated)"
"584","mead acid (20:3n9)","Lipid","Long Chain Polyunsaturated Fatty Acid (n3 and n6)"
"585","metabolonic lactone sulfate","Partially Characterized Molecules","Partially Characterized Molecules"
"586","metformin","Xenobiotics","Drug - Metabolic"
"587","methionine","Amino Acid","Methionine, Cysteine, SAM and Taurine Metabolism"
"588","methionine sulfone","Amino Acid","Methionine, Cysteine, SAM and Taurine Metabolism"
"589","methionine sulfoxide","Amino Acid","Methionine, Cysteine, SAM and Taurine Metabolism"
"590","methyl glucopyranoside (alpha + beta)","Xenobiotics","Food Component/Plant"
"591","methyl indole-3-acetate","Xenobiotics","Food Component/Plant"
"592","methyl vanillate sulfate","Xenobiotics","Food Component/Plant"
"593","methyl-4-hydroxybenzoate sulfate","Xenobiotics","Benzoate Metabolism"
"594","methylmalonate (MMA)","Lipid","Fatty Acid Metabolism (also BCAA Metabolism)"
"595","methylsuccinate","Amino Acid","Leucine, Isoleucine and Valine Metabolism"
"596","methylsuccinoylcarnitine","Amino Acid","Leucine, Isoleucine and Valine Metabolism"
"597","metoprolol","Xenobiotics","Drug - Cardiovascular"
"598","metoprolol acid metabolite*","Xenobiotics","Drug - Cardiovascular"
"599","myo-inositol","Lipid","Inositol Metabolism"
"600","myristate (14:0)","Lipid","Long Chain Saturated Fatty Acid"
"601","myristoleate (14:1n5)","Lipid","Long Chain Monounsaturated Fatty Acid"
"602","myristoleoylcarnitine (C14:1)*","Lipid","Fatty Acid Metabolism (Acyl Carnitine, Monounsaturated)"
"603","myristoylcarnitine (C14)","Lipid","Fatty Acid Metabolism (Acyl Carnitine, Long Chain Saturated)"
"604","N,N,N-trimethyl-5-aminovalerate","Amino Acid","Lysine Metabolism"
"605","N,N,N-trimethyl-alanylproline betaine (TMAP)","Amino Acid","Urea cycle; Arginine and Proline Metabolism"
"606","N,N-dimethyl-5-aminovalerate","Amino Acid","Lysine Metabolism"
"607","N,N-dimethylalanine","Amino Acid","Alanine and Aspartate Metabolism"
"608","N,O-didesmethylvenlafaxine glucuronide","Xenobiotics","Drug - Psychoactive"
"609","N-(2-furoyl)glycine","Xenobiotics","Food Component/Plant"
"610","N-acetyl-1-methylhistidine*","Amino Acid","Histidine Metabolism"
"611","N-acetyl-2-aminooctanoate*","Lipid","Fatty Acid, Amino"
"612","N-acetyl-3-methylhistidine*","Amino Acid","Histidine Metabolism"
"613","N-acetyl-aspartyl-glutamate (NAAG)","Amino Acid","Glutamate Metabolism"
"614","N-acetyl-beta-alanine","Nucleotide","Pyrimidine Metabolism, Uracil containing"
"615","N-acetyl-isoputreanine","Amino Acid","Polyamine Metabolism"
"616","N-acetyl-S-allyl-L-cysteine","Xenobiotics","Food Component/Plant"
"617","N-acetylalanine","Amino Acid","Alanine and Aspartate Metabolism"
"618","N-acetylalliin","Xenobiotics","Food Component/Plant"
"619","N-acetylarginine","Amino Acid","Urea cycle; Arginine and Proline Metabolism"
"620","N-acetylasparagine","Amino Acid","Alanine and Aspartate Metabolism"
"621","N-acetylaspartate (NAA)","Amino Acid","Alanine and Aspartate Metabolism"
"622","N-acetylcarnosine","Amino Acid","Histidine Metabolism"
"623","N-acetylcitrulline","Amino Acid","Urea cycle; Arginine and Proline Metabolism"
"624","N-acetylglucosamine/N-acetylgalactosamine","Carbohydrate","Aminosugar Metabolism"
"625","N-acetylglucosaminylasparagine","Carbohydrate","Aminosugar Metabolism"
"626","N-acetylglutamate","Amino Acid","Glutamate Metabolism"
"627","N-acetylglutamine","Amino Acid","Glutamate Metabolism"
"628","N-acetylglycine","Amino Acid","Glycine, Serine and Threonine Metabolism"
"629","N-acetylhistidine","Amino Acid","Histidine Metabolism"
"630","N-acetylisoleucine","Amino Acid","Leucine, Isoleucine and Valine Metabolism"
"631","N-acetylkynurenine (2)","Amino Acid","Tryptophan Metabolism"
"632","N-acetylleucine","Amino Acid","Leucine, Isoleucine and Valine Metabolism"
"633","N-acetylmethionine","Amino Acid","Methionine, Cysteine, SAM and Taurine Metabolism"
"634","N-acetylneuraminate","Carbohydrate","Aminosugar Metabolism"
"635","N-acetylphenylalanine","Amino Acid","Phenylalanine Metabolism"
"636","N-acetylproline","Amino Acid","Urea cycle; Arginine and Proline Metabolism"
"637","N-acetylputrescine","Amino Acid","Polyamine Metabolism"
"638","N-acetylserine","Amino Acid","Glycine, Serine and Threonine Metabolism"
"639","N-acetyltaurine","Amino Acid","Methionine, Cysteine, SAM and Taurine Metabolism"
"640","N-acetyltheanine","Xenobiotics","Food Component/Plant"
"641","N-acetylthreonine","Amino Acid","Glycine, Serine and Threonine Metabolism"
"642","N-acetyltryptophan","Amino Acid","Tryptophan Metabolism"
"643","N-acetyltyrosine","Amino Acid","Tyrosine Metabolism"
"644","N-acetylvaline","Amino Acid","Leucine, Isoleucine and Valine Metabolism"
"645","N-carbamoylalanine","Amino Acid","Alanine and Aspartate Metabolism"
"646","N-carbamoylaspartate","Nucleotide","Pyrimidine Metabolism, Orotate containing"
"647","N-delta-acetylornithine","Amino Acid","Urea cycle; Arginine and Proline Metabolism"
"648","N-desmethyl tramadol","Xenobiotics","Drug - Analgesics, Anesthetics"
"649","N-formylanthranilic acid","Amino Acid","Tryptophan Metabolism"
"650","N-formylmethionine","Amino Acid","Methionine, Cysteine, SAM and Taurine Metabolism"
"651","N-formylphenylalanine","Amino Acid","Tyrosine Metabolism"
"652","N-methylhydroxyproline","Amino Acid","Urea cycle; Arginine and Proline Metabolism"
"653","N-methylpipecolate","Xenobiotics","Bacterial/Fungal"
"654","N-methylproline","Amino Acid","Urea cycle; Arginine and Proline Metabolism"
"655","N-methyltaurine","Amino Acid","Methionine, Cysteine, SAM and Taurine Metabolism"
"656","N-monomethylarginine","Amino Acid","Urea cycle; Arginine and Proline Metabolism"
"657","N-oleoylserine","Lipid","Endocannabinoid"
"658","N-oleoyltaurine","Lipid","Endocannabinoid"
"659","N-palmitoylglycine","Lipid","Fatty Acid Metabolism (Acyl Glycine)"
"660","N-palmitoylserine","Lipid","Endocannabinoid"
"661","N-stearoylserine*","Lipid","Endocannabinoid"
"662","N-stearoyltaurine","Lipid","Endocannabinoid"
"663","N1-Methyl-2-pyridone-5-carboxamide","Cofactors and Vitamins","Nicotinate and Nicotinamide Metabolism"
"664","N1-Methyl-4-pyridone-3-carboxamide","Cofactors and Vitamins","Nicotinate and Nicotinamide Metabolism"
"665","1-methyladenosine","Nucleotide","Purine Metabolism, Adenine containing"
"666","N1-methylinosine","Nucleotide","Purine Metabolism, (Hypo)Xanthine/Inosine containing"
"667","N2,N2-dimethylguanosine","Nucleotide","Purine Metabolism, Guanine containing"
"668","N2,N5-diacetylornithine","Amino Acid","Urea cycle; Arginine and Proline Metabolism"
"669","N2-acetyl,N6,N6-dimethyllysine","Amino Acid","Lysine Metabolism"
"670","N2-acetyl,N6-methyllysine","Amino Acid","Lysine Metabolism"
"671","N4-acetylcytidine","Nucleotide","Pyrimidine Metabolism, Cytidine containing"
"672","N4-acetylsulfamethoxazole*","Xenobiotics","Drug - Antibiotic"
"673","N6,N6,N6-trimethyllysine","Amino Acid","Lysine Metabolism"
"674","N6,N6-dimethyllysine","Amino Acid","Lysine Metabolism"
"675","N6-acetyllysine","Amino Acid","Lysine Metabolism"
"676","N6-carbamoylthreonyladenosine","Nucleotide","Purine Metabolism, Adenine containing"
"677","N6-carboxymethyllysine","Carbohydrate","Advanced Glycation End-product"
"678","N6-methyladenosine","Nucleotide","Purine Metabolism, Adenine containing"
"679","N6-methyllysine","Amino Acid","Lysine Metabolism"
"680","N6-succinyladenosine","Nucleotide","Purine Metabolism, Adenine containing"
"681","nervonoylcarnitine (C24:1)*","Lipid","Fatty Acid Metabolism (Acyl Carnitine, Monounsaturated)"
"682","nicotinamide","Cofactors and Vitamins","Nicotinate and Nicotinamide Metabolism"
"683","nicotinamide riboside","Cofactors and Vitamins","Nicotinate and Nicotinamide Metabolism"
"684","nisinate (24:6n3)","Lipid","Long Chain Polyunsaturated Fatty Acid (n3 and n6)"
"685","nonadecanoate (19:0)","Lipid","Long Chain Saturated Fatty Acid"
"686","nonanoylcarnitine (C9)","Lipid","Fatty Acid Metabolism (Acyl Carnitine, Medium Chain)"
"687","norcotinine","Xenobiotics","Tobacco Metabolite"
"688","nornicotine","Xenobiotics","Tobacco Metabolite"
"689","O-acetylhomoserine","Amino Acid","Glycine, Serine and Threonine Metabolism"
"690","o-cresol sulfate","Xenobiotics","Benzoate Metabolism"
"691","O-desmethyltramadol","Xenobiotics","Drug - Analgesics, Anesthetics"
"692","O-desmethyltramadol glucuronide","Xenobiotics","Drug - Analgesics, Anesthetics"
"693","O-desmethylvenlafaxine","Xenobiotics","Drug - Psychoactive"
"694","O-sulfo-L-tyrosine","Xenobiotics","Chemical"
"695","octadecadienedioate (C18:2-DC)*","Lipid","Fatty Acid, Dicarboxylate"
"696","octadecanedioate (C18)","Lipid","Fatty Acid, Dicarboxylate"
"697","octadecanedioylcarnitine (C18-DC)*","Lipid","Fatty Acid Metabolism (Acyl Carnitine, Dicarboxylate)"
"698","octadecenedioate (C18:1-DC)","Lipid","Fatty Acid, Dicarboxylate"
"699","octadecenedioylcarnitine (C18:1-DC)*","Lipid","Fatty Acid Metabolism (Acyl Carnitine, Dicarboxylate)"
"700","octanoylcarnitine (C8)","Lipid","Fatty Acid Metabolism (Acyl Carnitine, Medium Chain)"
"701","oleate/vaccenate (18:1)","Lipid","Long Chain Monounsaturated Fatty Acid"
"702","oleoyl ethanolamide","Lipid","Endocannabinoid"
"703","oleoylcarnitine (C18:1)","Lipid","Fatty Acid Metabolism (Acyl Carnitine, Monounsaturated)"
"704","oleoylcholine","Lipid","Fatty Acid Metabolism (Acyl Choline)"
"705","omeprazole","Xenobiotics","Drug - Gastrointestinal"
"706","ornithine","Amino Acid","Urea cycle; Arginine and Proline Metabolism"
"707","orotate","Nucleotide","Pyrimidine Metabolism, Orotate containing"
"708","orotidine","Nucleotide","Pyrimidine Metabolism, Orotate containing"
"709","oxalate (ethanedioate)","Cofactors and Vitamins","Ascorbate and Aldarate Metabolism"
"710","oxypurinol","Xenobiotics","Drug - Metabolic"
"711","p-cresol glucuronide*","Amino Acid","Tyrosine Metabolism"
"712","p-cresol sulfate","Xenobiotics","Benzoate Metabolism"
"713","palmitate (16:0)","Lipid","Long Chain Saturated Fatty Acid"
"714","palmitoleate (16:1n7)","Lipid","Long Chain Monounsaturated Fatty Acid"
"715","palmitoleoylcarnitine (C16:1)*","Lipid","Fatty Acid Metabolism (Acyl Carnitine, Monounsaturated)"
"716","palmitoloelycholine","Lipid","Fatty Acid Metabolism (Acyl Choline)"
"717","palmitoyl-sphingosine-phosphoethanolamine (d18:1/16:0)","Lipid","Ceramide PEs"
"718","palmitoylcarnitine (C16)","Lipid","Fatty Acid Metabolism (Acyl Carnitine, Long Chain Saturated)"
"719","palmitoylcholine","Lipid","Fatty Acid Metabolism (Acyl Choline)"
"720","pantoate","Cofactors and Vitamins","Pantothenate and CoA Metabolism"
"721","pantoprazole","Xenobiotics","Drug - Gastrointestinal"
"722","pantothenate (Vitamin B5)","Cofactors and Vitamins","Pantothenate and CoA Metabolism"
"723","paraxanthine","Xenobiotics","Xanthine Metabolism"
"724","pentadecanoate (15:0)","Lipid","Long Chain Saturated Fatty Acid"
"725","pentose acid*","Partially Characterized Molecules","Partially Characterized Molecules"
"726","perfluorooctanesulfonate (PFOS)","Xenobiotics","Chemical"
"727","perfluorooctanoate (PFOA)","Xenobiotics","Chemical"
"728","phenol glucuronide","Amino Acid","Tyrosine Metabolism"
"729","phenol sulfate","Amino Acid","Tyrosine Metabolism"
"730","phenylacetate","Amino Acid","Phenylalanine Metabolism"
"731","phenylacetylcarnitine","Peptide","Acetylated Peptides"
"732","phenylacetylglutamate","Peptide","Acetylated Peptides"
"733","phenylacetylglutamine","Peptide","Acetylated Peptides"
"734","phenylacetylglycine","Peptide","Acetylated Peptides"
"735","phenylalanine","Amino Acid","Phenylalanine Metabolism"
"736","phenylalanylglycine","Peptide","Dipeptide"
"737","phenyllactate (PLA)","Amino Acid","Phenylalanine Metabolism"
"738","phenylpyruvate","Amino Acid","Phenylalanine Metabolism"
"739","phosphate","Energy","Oxidative Phosphorylation"
"740","phosphoethanolamine (PE)","Lipid","Phospholipid Metabolism"
"741","picolinate","Amino Acid","Tryptophan Metabolism"
"742","picolinoylglycine","Lipid","Fatty Acid Metabolism (Acyl Glycine)"
"743","pimelate (C7-DC)","Lipid","Fatty Acid, Dicarboxylate"
"744","pimeloylcarnitine/3-methyladipoylcarnitine (C7-DC)","Lipid","Fatty Acid Metabolism (Acyl Carnitine, Dicarboxylate)"
"745","pipecolate","Amino Acid","Lysine Metabolism"
"746","piperine","Xenobiotics","Food Component/Plant"
"747","pregnanediol-3-glucuronide","Lipid","Progestin Steroids"
"748","pregnen-diol disulfate*","Lipid","Pregnenolone Steroids"
"749","pregnenediol sulfate (C21H34O5S)*","Lipid","Pregnenolone Steroids"
"750","pregnenetriol disulfate*","Lipid","Pregnenolone Steroids"
"751","pregnenetriol sulfate*","Lipid","Pregnenolone Steroids"
"752","pregnenolone sulfate","Lipid","Pregnenolone Steroids"
"753","prolylhydroxyproline","Amino Acid","Urea cycle; Arginine and Proline Metabolism"
"754","proline","Amino Acid","Urea cycle; Arginine and Proline Metabolism"
"755","prolylglycine","Peptide","Dipeptide"
"756","propionylcarnitine (C3)","Lipid","Fatty Acid Metabolism (also BCAA Metabolism)"
"757","propionylglycine (C3)","Lipid","Fatty Acid Metabolism (also BCAA Metabolism)"
"758","propyl 4-hydroxybenzoate sulfate","Xenobiotics","Benzoate Metabolism"
"759","pseudouridine","Nucleotide","Pyrimidine Metabolism, Uracil containing"
"760","pyridoxal","Cofactors and Vitamins","Vitamin B6 Metabolism"
"761","pyridoxate","Cofactors and Vitamins","Vitamin B6 Metabolism"
"762","pyroglutamine*","Amino Acid","Glutamate Metabolism"
"763","pyrraline","Xenobiotics","Food Component/Plant"
"764","pyruvate","Carbohydrate","Glycolysis, Gluconeogenesis, and Pyruvate Metabolism"
"765","quinate","Xenobiotics","Food Component/Plant"
"766","quinolinate","Cofactors and Vitamins","Nicotinate and Nicotinamide Metabolism"
"767","raltegravir","Xenobiotics","Drug - Antiviral"
"768","retinal","Cofactors and Vitamins","Vitamin A Metabolism"
"769","retinol (Vitamin A)","Cofactors and Vitamins","Vitamin A Metabolism"
"770","ribitol","Carbohydrate","Pentose Metabolism"
"771","ribonate","Carbohydrate","Pentose Metabolism"
"772","ribulonate/xylulonate/lyxonate*","Carbohydrate","Pentose Metabolism"
"773","rilpivirine","Xenobiotics","Drug - Antiviral"
"774","ritalinic acid","Xenobiotics","Drug - Neurological"
"775","ritonavir","Xenobiotics","Drug - Antiviral"
"776","S-(3-hydroxypropyl)mercapturic acid (HPMA)","Xenobiotics","Chemical"
"777","S-1-pyrroline-5-carboxylate","Amino Acid","Glutamate Metabolism"
"778","S-adenosylhomocysteine (SAH)","Amino Acid","Methionine, Cysteine, SAM and Taurine Metabolism"
"779","S-allylcysteine","Xenobiotics","Food Component/Plant"
"780","S-methylcysteine","Amino Acid","Methionine, Cysteine, SAM and Taurine Metabolism"
"781","S-methylcysteine sulfoxide","Amino Acid","Methionine, Cysteine, SAM and Taurine Metabolism"
"782","S-methylmethionine","Amino Acid","Methionine, Cysteine, SAM and Taurine Metabolism"
"783","saccharin","Xenobiotics","Food Component/Plant"
"784","salicylate","Xenobiotics","Drug - Topical Agents"
"785","salicyluric glucuronide*","Xenobiotics","Drug - Analgesics, Anesthetics"
"786","saquinavir","Xenobiotics","Drug - Antiviral"
"787","sarcosine","Amino Acid","Glycine, Serine and Threonine Metabolism"
"788","sebacate (C10-DC)","Lipid","Fatty Acid, Dicarboxylate"
"789","serine","Amino Acid","Glycine, Serine and Threonine Metabolism"
"790","serotonin","Amino Acid","Tryptophan Metabolism"
"791","solifenacin","Xenobiotics","Drug - Other"
"792","spermidine","Amino Acid","Polyamine Metabolism"
"793","spermine","Amino Acid","Polyamine Metabolism"
"794","sphingadienine","Lipid","Sphingolipid Synthesis"
"795","sphinganine","Lipid","Sphingolipid Synthesis"
"796","sphinganine-1-phosphate","Lipid","Sphingolipid Synthesis"
"797","sphingosine","Lipid","Sphingosines"
"798","sphingosine 1-phosphate","Lipid","Sphingosines"
"799","stachydrine","Xenobiotics","Food Component/Plant"
"800","stearate (18:0)","Lipid","Long Chain Saturated Fatty Acid"
"801","stearidonate (18:4n3)","Lipid","Long Chain Polyunsaturated Fatty Acid (n3 and n6)"
"802","stearoylcarnitine (C18)","Lipid","Fatty Acid Metabolism (Acyl Carnitine, Long Chain Saturated)"
"803","stearoylcholine*","Lipid","Fatty Acid Metabolism (Acyl Choline)"
"804","suberate (C8-DC)","Lipid","Fatty Acid, Dicarboxylate"
"805","suberoylcarnitine (C8-DC)","Lipid","Fatty Acid Metabolism (Acyl Carnitine, Dicarboxylate)"
"806","succinate","Energy","TCA Cycle"
"807","succinoyltaurine","Amino Acid","Methionine, Cysteine, SAM and Taurine Metabolism"
"808","succinylcarnitine (C4-DC)","Energy","TCA Cycle"
"809","sucrose","Carbohydrate","Disaccharides and Oligosaccharides"
"810","sulfamethoxazole","Xenobiotics","Drug - Antibiotic"
"811","sulfate of piperine metabolite C16H19NO3 (2)*","Xenobiotics","Food Component/Plant"
"812","sulfate of piperine metabolite C16H19NO3 (3)*","Xenobiotics","Food Component/Plant"
"813","sulfate of piperine metabolite C18H21NO3 (1)*","Xenobiotics","Food Component/Plant"
"814","sulfate of piperine metabolite C18H21NO3 (3)*","Xenobiotics","Food Component/Plant"
"815","sulfate*","Xenobiotics","Chemical"
"816","syringol sulfate","Xenobiotics","Food Component/Plant"
"817","tartarate","Xenobiotics","Food Component/Plant"
"818","tartronate (hydroxymalonate)","Xenobiotics","Food Component/Plant"
"819","taurine","Amino Acid","Methionine, Cysteine, SAM and Taurine Metabolism"
"820","tauro-beta-muricholate","Lipid","Primary Bile Acid Metabolism"
"821","taurochenodeoxycholate","Lipid","Primary Bile Acid Metabolism"
"822","taurochenodeoxycholic acid 3-sulfate","Lipid","Secondary Bile Acid Metabolism"
"823","taurocholate","Lipid","Primary Bile Acid Metabolism"
"824","taurocholenate sulfate*","Lipid","Secondary Bile Acid Metabolism"
"825","taurodeoxycholate","Lipid","Secondary Bile Acid Metabolism"
"826","taurodeoxycholic acid 3-sulfate","Lipid","Secondary Bile Acid Metabolism"
"827","taurohyocholate*","Lipid","Secondary Bile Acid Metabolism"
"828","taurolithocholate 3-sulfate","Lipid","Secondary Bile Acid Metabolism"
"829","testosterone sulfate","Lipid","Androgenic Steroids"
"830","tetradecadienedioate (C14:2-DC)*","Lipid","Fatty Acid, Dicarboxylate"
"831","tetradecadienoate (14:2)*","Lipid","Long Chain Polyunsaturated Fatty Acid (n3 and n6)"
"832","tetradecanedioate (C14)","Lipid","Fatty Acid, Dicarboxylate"
"833","THC carboxylic acid","Xenobiotics","Drug - Psychoactive"
"834","THC carboxylic acid glucuronide","Xenobiotics","Drug - Psychoactive"
"835","theanine","Xenobiotics","Food Component/Plant"
"836","theobromine","Xenobiotics","Xanthine Metabolism"
"837","theophylline","Xenobiotics","Xanthine Metabolism"
"838","thioproline","Xenobiotics","Chemical"
"839","threonate","Cofactors and Vitamins","Ascorbate and Aldarate Metabolism"
"840","threonine","Amino Acid","Glycine, Serine and Threonine Metabolism"
"841","thymol sulfate","Xenobiotics","Food Component/Plant"
"842","thyroxine","Amino Acid","Tyrosine Metabolism"
"843","tiglyl carnitine (C5)","Amino Acid","Leucine, Isoleucine and Valine Metabolism"
"844","tramadol","Xenobiotics","Drug - Analgesics, Anesthetics"
"845","trans-2-hexenoylglycine","Lipid","Fatty Acid Metabolism (Acyl Glycine)"
"846","trans-3,4-methyleneheptanoate","Xenobiotics","Food Component/Plant"
"847","hydroxyproline","Amino Acid","Urea cycle; Arginine and Proline Metabolism"
"848","trans-urocanate","Amino Acid","Histidine Metabolism"
"849","tridecenedioate (C13:1-DC)*","Lipid","Fatty Acid, Dicarboxylate"
"850","trigonelline (N'-methylnicotinate)","Cofactors and Vitamins","Nicotinate and Nicotinamide Metabolism"
"851","trimethylamine N-oxide","Lipid","Phospholipid Metabolism"
"852","tryptophan","Amino Acid","Tryptophan Metabolism"
"853","tryptophan betaine","Amino Acid","Tryptophan Metabolism"
"854","tyramine O-sulfate","Amino Acid","Tyrosine Metabolism"
"855","tyrosine","Amino Acid","Tyrosine Metabolism"
"856","umbelliferone sulfate","Xenobiotics","Food Component/Plant"
"857","undecanedioate (C11-DC)","Lipid","Fatty Acid, Dicarboxylate"
"858","undecenoylcarnitine (C11:1)","Lipid","Fatty Acid Metabolism (Acyl Carnitine, Monounsaturated)"
"859","uracil","Nucleotide","Pyrimidine Metabolism, Uracil containing"
"860","urate","Nucleotide","Purine Metabolism, (Hypo)Xanthine/Inosine containing"
"861","urea","Amino Acid","Urea cycle; Arginine and Proline Metabolism"
"862","uridine","Nucleotide","Pyrimidine Metabolism, Uracil containing"
"863","ursodeoxycholate","Lipid","Secondary Bile Acid Metabolism"
"864","valine","Amino Acid","Leucine, Isoleucine and Valine Metabolism"
"865","valylleucine","Peptide","Dipeptide"
"866","vanillactate","Amino Acid","Tyrosine Metabolism"
"867","vanillic acid glycine","Xenobiotics","Food Component/Plant"
"868","vanillic alcohol sulfate","Amino Acid","Tyrosine Metabolism"
"869","vanillylmandelate (VMA)","Amino Acid","Tyrosine Metabolism"
"870","venlafaxine","Xenobiotics","Drug - Psychoactive"
"871","warfarin","Xenobiotics","Drug - Cardiovascular"
"872","xanthine","Nucleotide","Purine Metabolism, (Hypo)Xanthine/Inosine containing"
"873","xanthosine","Nucleotide","Purine Metabolism, (Hypo)Xanthine/Inosine containing"
"874","xanthurenate","Amino Acid","Tryptophan Metabolism"
"875","ximenoylcarnitine (C26:1)*","Lipid","Fatty Acid Metabolism (Acyl Carnitine, Monounsaturated)"
"876","xylose","Carbohydrate","Pentose Metabolism"
"877","zolpidem","Xenobiotics","Drug - Psychoactive"
